{
    "query": {
        "total": 1,
        "articles": 475,
        "page": 0,
        "num_results": 25,
        "ms": 51
    },
    "results": [
        {
            "title": "Arquivos Brasileiros de Endocrinologia & Metabologia",
            "count": 475,
            "stats": {
                "posts": 475,
                "scores_sum": 1407.1979999999999,
                "scores_median": 1,
                "scores_in_timeframe_sum": 1407.1979999999999,
                "scores_in_timeframe_median": 1,
                "weeks_by_articles": {
                    "0": 0,
                    "1": 0,
                    "2": 0,
                    "3": 0,
                    "4": 0,
                    "5": 0,
                    "6": 0,
                    "7": 0,
                    "8": 0,
                    "9": 0,
                    "10": 0,
                    "11": 0,
                    "12": 0,
                    "13": 0,
                    "14": 0,
                    "15": 0,
                    "16": 0,
                    "17": 0,
                    "18": 0,
                    "19": 0,
                    "20": 0,
                    "21": 0,
                    "22": 0,
                    "23": 0,
                    "24": 0,
                    "25": 0,
                    "26": 0,
                    "27": 0,
                    "28": 0,
                    "29": 0,
                    "30": 0,
                    "31": 0,
                    "32": 0,
                    "33": 0,
                    "34": 0,
                    "35": 0,
                    "36": 0,
                    "37": 0,
                    "38": 0,
                    "39": 0,
                    "40": 0,
                    "41": 0,
                    "42": 0,
                    "43": 0,
                    "44": 0,
                    "45": 0,
                    "46": 0,
                    "47": 0,
                    "48": 0,
                    "49": 0,
                    "50": 0,
                    "51": 0,
                    "52": 0
                },
                "sources": {
                    "posts": {
                        "accounts": 1370,
                        "posts": 2005,
                        "videos": 33,
                        "msm": 35,
                        "fbwalls": 143,
                        "tweeters": 963,
                        "policies": 14,
                        "feeds": 18,
                        "rh": 1,
                        "gplus": 10,
                        "patents": 66,
                        "wikipedia": 98,
                        "qna": 1
                    }
                }
            }
        }
    ],
    "issn_scielo": "0004-2730",
    "collection": "scl",
    "extraction_date": "2022-11-11 12:27:49.512016"
}