{
    "query": {
        "total": 1,
        "articles": 1021,
        "page": 0,
        "num_results": 25,
        "ms": 80
    },
    "results": [
        {
            "title": "Revista de Sa\u00fade P\u00fablica",
            "count": 1021,
            "stats": {
                "posts": 1021,
                "scores_sum": 4626.016000000007,
                "scores_median": 1.5,
                "scores_in_timeframe_sum": 4626.016000000007,
                "scores_in_timeframe_median": 1.5,
                "weeks_by_articles": {
                    "0": 0,
                    "1": 0,
                    "2": 1,
                    "3": 1,
                    "4": 2,
                    "5": 0,
                    "6": 1,
                    "7": 0,
                    "8": 0,
                    "9": 0,
                    "10": 0,
                    "11": 0,
                    "12": 0,
                    "13": 2,
                    "14": 0,
                    "15": 3,
                    "16": 0,
                    "17": 0,
                    "18": 1,
                    "19": 1,
                    "20": 3,
                    "21": 5,
                    "22": 0,
                    "23": 0,
                    "24": 3,
                    "25": 1,
                    "26": 0,
                    "27": 1,
                    "28": 1,
                    "29": 4,
                    "30": 0,
                    "31": 3,
                    "32": 3,
                    "33": 0,
                    "34": 0,
                    "35": 3,
                    "36": 0,
                    "37": 0,
                    "38": 1,
                    "39": 1,
                    "40": 0,
                    "41": 0,
                    "42": 0,
                    "43": 0,
                    "44": 0,
                    "45": 0,
                    "46": 1,
                    "47": 12,
                    "48": 6,
                    "49": 3,
                    "50": 7,
                    "51": 0,
                    "52": 2
                },
                "sources": {
                    "posts": {
                        "accounts": 4157,
                        "posts": 4970,
                        "msm": 172,
                        "tweeters": 3149,
                        "policies": 149,
                        "wikipedia": 153,
                        "fbwalls": 464,
                        "peer_review_sites": 2,
                        "feeds": 40,
                        "patents": 12,
                        "videos": 14,
                        "rh": 1,
                        "rdts": 3,
                        "book_reviews": 1,
                        "gplus": 8
                    }
                }
            }
        }
    ],
    "issn_scielo": "0034-8910",
    "collection": "scl",
    "extraction_date": "2022-11-11 12:37:13.657315"
}